{"tensorflowjs_models/spelling/model_topology":{"class_name":"Sequential","config":[{"class_name":"Dense","config":{"units":80,"activation":"elu","use_bias":true,"kernel_initializer":{"class_name":"VarianceScaling","config":{"scale":1,"mode":null,"distribution":null,"seed":null}},"bias_initializer":{"class_name":"Zeros","config":{}},"kernel_regularizer":null,"bias_regularizer":null,"activity_regularizer":null,"kernel_constraint":null,"bias_constraint":null,"name":"dense_Dense9","trainable":true,"batch_input_shape":[null,80],"dtype":"float32"}},{"class_name":"Dense","config":{"units":80,"activation":"relu","use_bias":true,"kernel_initializer":{"class_name":"VarianceScaling","config":{"scale":1,"mode":null,"distribution":null,"seed":null}},"bias_initializer":{"class_name":"Zeros","config":{}},"kernel_regularizer":null,"bias_regularizer":null,"activity_regularizer":null,"kernel_constraint":null,"bias_constraint":null,"name":"dense_Dense10","trainable":true}},{"class_name":"Dense","config":{"units":80,"activation":"relu","use_bias":true,"kernel_initializer":{"class_name":"VarianceScaling","config":{"scale":1,"mode":null,"distribution":null,"seed":null}},"bias_initializer":{"class_name":"Zeros","config":{}},"kernel_regularizer":null,"bias_regularizer":null,"activity_regularizer":null,"kernel_constraint":null,"bias_constraint":null,"name":"dense_Dense11","trainable":true}},{"class_name":"Dense","config":{"units":26,"activation":"softmax","use_bias":true,"kernel_initializer":{"class_name":"VarianceScaling","config":{"scale":1,"mode":null,"distribution":null,"seed":null}},"bias_initializer":{"class_name":"Zeros","config":{}},"kernel_regularizer":null,"bias_regularizer":null,"activity_regularizer":null,"kernel_constraint":null,"bias_constraint":null,"name":"dense_Dense12","trainable":true}}],"keras_version":"tfjs-layers 0.7.0","backend":"tensor_flow.js"}}