{"tensorflowjs_models/spelling/weight_specs":[{"name":"dense_Dense9/kernel","shape":[80,80],"dtype":"float32"},{"name":"dense_Dense9/bias","shape":[80],"dtype":"float32"},{"name":"dense_Dense10/kernel","shape":[80,80],"dtype":"float32"},{"name":"dense_Dense10/bias","shape":[80],"dtype":"float32"},{"name":"dense_Dense11/kernel","shape":[80,80],"dtype":"float32"},{"name":"dense_Dense11/bias","shape":[80],"dtype":"float32"},{"name":"dense_Dense12/kernel","shape":[80,26],"dtype":"float32"},{"name":"dense_Dense12/bias","shape":[26],"dtype":"float32"}]}