{"tensorflowjs_models/spelling/weight_specs":[{"name":"dense_Dense1/kernel","shape":[80,80],"dtype":"float32"},{"name":"dense_Dense1/bias","shape":[80],"dtype":"float32"},{"name":"dense_Dense2/kernel","shape":[80,80],"dtype":"float32"},{"name":"dense_Dense2/bias","shape":[80],"dtype":"float32"},{"name":"dense_Dense3/kernel","shape":[80,80],"dtype":"float32"},{"name":"dense_Dense3/bias","shape":[80],"dtype":"float32"},{"name":"dense_Dense4/kernel","shape":[80,26],"dtype":"float32"},{"name":"dense_Dense4/bias","shape":[26],"dtype":"float32"}]}